날짜,KOSPI_new1001,KOSPI_new1005,KOSPI_new1008,KOSPI_new1011,KOSPI_new1012,KOSPI_new1013,KOSPI_new1014,KOSPI_new1015,KOSPI_new1017,KOSPI_new1018,KOSPI_new1020,KOSPI_new1021,KOSPI_new1024,KOSPI_new1026,KOSPI_new1035,KOSPI_new1045,KOSPI_new1155,KOSPI_new1156,KOSPI_new2001,date,year_key,month_key
2025-01-02,2398.94,3715.65,3156.42,4903.18,1225.59,21811.75,1286.51,2765.93,670.91,63.91,437.06,457.57,2089.01,1041.3,2208.79,885.14,2627.35,833.38,686.63,2025-01-02,2025,2025-01
2025-01-03,2441.92,3714.56,3306.84,4982.75,1241.02,22432.57,1328.96,2750.18,683.94,64.62,441.71,461.84,2091.04,1042.97,2255.93,894.64,2722.33,838.65,705.76,2025-01-03,2025,2025-01
2025-01-06,2488.64,3693.12,3351.33,4968.6,1269.73,23296.98,1434.22,2751.56,686.34,64.85,436.14,467.52,2090.42,1045.53,2318.29,893.76,2850.58,848.18,717.96,2025-01-06,2025,2025-01
2025-01-07,2492.1,3699.94,3364.82,4980.8,1283.57,23100.6,1430.47,2792.96,702.73,66.02,436.0,468.36,2111.86,1081.33,2307.56,896.62,2817.41,848.04,718.29,2025-01-07,2025,2025-01
2025-01-08,2521.05,3682.5,3398.99,4903.0,1326.34,23593.27,1440.37,2840.77,699.91,65.16,437.23,469.7,2115.43,1086.91,2339.57,896.72,2875.96,849.48,719.63,2025-01-08,2025,2025-01
2025-01-09,2521.9,3720.1,3432.01,4926.0,1318.68,23495.72,1437.03,2861.04,695.26,64.48,438.79,471.4,2105.6,1093.83,2341.02,889.43,2872.0,853.56,723.52,2025-01-09,2025,2025-01
2025-01-10,2515.78,3735.06,3405.49,4835.12,1349.0,23154.19,1477.72,2928.01,698.47,65.83,436.63,473.14,2115.35,1090.93,2336.02,891.86,2848.75,857.52,717.89,2025-01-10,2025,2025-01
2025-01-13,2489.56,3726.33,3384.66,4732.72,1335.64,22625.51,1436.17,2901.16,692.61,64.8,438.84,473.7,2094.22,1090.24,2303.13,887.0,2767.88,863.52,708.21,2025-01-13,2025,2025-01
2025-01-14,2497.4,3702.52,3412.38,4759.41,1343.87,22762.7,1410.28,2933.54,691.2,64.47,434.86,471.38,2090.97,1097.34,2304.32,884.74,2772.26,858.45,718.04,2025-01-14,2025,2025-01
2025-01-15,2496.81,3671.63,3384.3,4725.3,1354.26,22740.18,1396.11,2945.14,695.03,63.59,435.24,473.26,2101.33,1095.84,2302.53,881.53,2766.87,863.03,711.61,2025-01-15,2025,2025-01
2025-01-16,2527.49,3665.38,3457.44,4744.09,1369.94,23211.55,1408.9,2940.05,692.34,64.56,437.11,478.49,2123.36,1104.97,2336.56,883.03,2832.38,870.77,724.24,2025-01-16,2025,2025-01
2025-01-17,2523.55,3657.35,3487.51,4766.86,1403.62,23221.44,1442.66,2897.12,706.44,64.17,442.65,476.77,2121.76,1115.81,2329.3,880.96,2855.28,860.25,724.69,2025-01-17,2025,2025-01
2025-01-20,2520.05,3628.73,3507.86,4829.25,1387.04,23243.29,1448.26,2872.41,709.66,64.07,442.06,475.69,2139.48,1121.9,2321.74,874.94,2854.16,859.74,727.66,2025-01-20,2025,2025-01
2025-01-21,2518.03,3635.21,3440.27,4643.37,1415.13,23217.14,1450.59,2929.88,719.82,64.18,438.01,475.45,2147.29,1124.79,2323.51,881.18,2860.63,860.63,726.07,2025-01-21,2025,2025-01
2025-01-22,2547.06,3612.79,3476.83,4696.89,1506.58,23715.43,1440.96,2916.8,715.14,66.14,434.19,477.21,2156.82,1136.9,2358.34,879.55,2947.17,862.53,732.31,2025-01-22,2025,2025-01
2025-01-23,2515.49,3580.24,3417.1,4632.5,1476.49,23332.59,1420.29,2865.29,701.56,66.39,435.74,473.2,2146.78,1101.59,2329.93,877.98,2879.76,859.14,724.01,2025-01-23,2025,2025-01
2025-01-24,2536.8,3596.62,3421.1,4822.53,1511.15,23453.63,1449.48,2918.88,708.92,68.22,441.32,474.51,2154.41,1100.0,2340.27,878.63,2871.21,858.57,728.74,2025-01-24,2025,2025-01
2025-01-31,2517.37,3658.85,3427.88,4759.52,1456.78,22531.34,1385.61,2931.02,707.15,66.95,447.59,484.57,2182.09,1097.81,2314.5,878.54,2774.56,890.87,728.29,2025-01-31,2025,2025-01
2025-02-03,2453.95,3680.29,3276.37,4585.8,1407.7,21713.98,1377.46,2860.85,704.71,65.55,444.61,473.91,2150.36,1070.6,2253.05,869.2,2652.45,875.04,703.8,2025-02-03,2025,2025-02
2025-02-04,2481.69,3668.05,3288.75,4573.75,1453.66,22074.42,1379.67,2906.56,698.46,66.47,442.7,481.09,2175.06,1093.9,2278.49,873.77,2678.2,889.17,719.92,2025-02-04,2025,2025-02
2025-02-05,2509.27,3697.97,3339.65,4606.51,1445.71,22447.6,1386.53,2906.26,714.1,66.12,444.52,482.15,2157.72,1097.07,2307.97,872.23,2738.05,890.56,730.98,2025-02-05,2025,2025-02
2025-02-06,2536.75,3829.77,3377.16,4623.55,1453.7,22816.95,1437.98,2921.05,716.13,68.3,444.61,482.76,2146.21,1130.78,2332.23,882.72,2793.38,876.88,740.32,2025-02-06,2025,2025-02
2025-02-07,2521.92,3772.9,3319.78,4573.43,1439.25,22656.07,1376.7,2913.18,687.0,68.65,440.5,478.57,2168.12,1128.71,2314.01,878.0,2771.39,873.4,742.9,2025-02-07,2025,2025-02
2025-02-10,2521.27,3775.18,3340.61,4517.89,1411.31,23007.42,1371.2,2859.38,683.95,68.66,441.76,475.09,2158.08,1112.66,2321.13,881.24,2763.8,870.7,749.67,2025-02-10,2025,2025-02
2025-02-11,2539.05,3781.51,3344.75,4579.75,1426.71,23060.42,1359.98,2939.93,682.16,69.47,445.87,475.56,2161.14,1125.22,2335.8,883.68,2771.36,869.39,749.59,2025-02-11,2025,2025-02
2025-02-12,2548.39,3782.95,3355.26,4598.88,1444.92,23118.45,1361.5,3049.36,684.18,69.04,442.06,479.24,2182.65,1127.18,2331.07,883.94,2770.93,870.32,745.18,2025-02-12,2025,2025-02
2025-02-13,2583.17,3738.66,3446.47,4708.33,1485.0,23616.91,1405.82,3131.11,689.66,71.32,443.32,479.94,2179.68,1129.45,2354.59,884.29,2827.15,861.73,749.28,2025-02-13,2025,2025-02
2025-02-14,2591.05,3829.69,3427.32,4735.4,1539.62,23601.23,1415.26,3102.24,698.38,72.41,451.22,485.12,2215.02,1133.96,2371.21,887.52,2845.5,876.78,756.32,2025-02-14,2025,2025-02
2025-02-17,2610.42,3853.0,3516.66,4798.8,1555.46,23693.29,1433.51,3094.57,707.3,72.08,451.33,493.39,2258.06,1146.0,2387.91,899.38,2861.73,894.02,768.48,2025-02-17,2025,2025-02
2025-02-18,2626.81,3806.92,3533.75,4842.05,1609.59,23880.97,1449.16,3163.35,707.77,74.99,448.32,494.05,2251.85,1137.83,2401.4,900.83,2851.14,892.52,773.65,2025-02-18,2025,2025-02
2025-02-19,2671.52,3843.41,3575.02,4963.58,1615.1,24650.8,1466.53,3227.91,714.17,74.32,455.01,497.19,2277.81,1159.11,2453.33,908.35,2950.42,894.62,778.27,2025-02-19,2025,2025-02
2025-02-20,2654.06,3857.58,3585.44,5041.01,1577.11,24493.99,1462.06,3140.45,733.14,72.8,464.53,492.42,2278.74,1132.62,2436.43,916.98,2922.61,891.7,768.27,2025-02-20,2025,2025-02
2025-02-21,2654.58,3854.04,3597.83,5133.44,1577.93,24425.77,1454.44,3160.92,730.66,72.83,458.93,490.66,2250.63,1128.0,2433.42,928.13,2916.06,887.08,774.65,2025-02-21,2025,2025-02
2025-02-24,2645.27,3858.13,3594.67,5113.1,1546.94,24199.67,1447.9,3159.88,740.87,72.8,464.24,489.31,2244.97,1113.33,2421.75,933.07,2903.74,886.11,773.33,2025-02-24,2025,2025-02
2025-02-25,,3830.19,3529.95,4995.34,,,,3191.95,769.83,72.73,461.14,487.14,2262.73,1104.98,2402.74,936.69,2848.45,877.88,769.43,2025-02-25,2025,2025-02
